{
    "version": "4.4.0",
    "objects": [
    {
        "type": "LGEKartPlaceHolder",
        "version": "4.4.0",
        "originX": "center",
        "originY": "center",
        "left": 100,
        "top": 300,
        "width": 50,
        "height": 16.67,
        "fill": "rgb(0,0,0)",
        "stroke": null,
        "strokeWidth": 1,
        "strokeDashArray": null,
        "strokeLineCap": "butt",
        "strokeDashOffset": 0,
        "strokeLineJoin": "miter",
        "strokeUniform": false,
        "strokeMiterLimit": 4,
        "scaleX": 2.09,
        "scaleY": 2.09,
        "angle": -88.19,
        "flipX": false,
        "flipY": false,
        "opacity": 1,
        "shadow": null,
        "visible": true,
        "backgroundColor": "",
        "fillRule": "nonzero",
        "paintFirst": "fill",
        "globalCompositeOperation": "source-over",
        "skewX": 0,
        "skewY": 0,
        "lge": {
            "friction": 0,
            "mass": 1,
            "motion": {
                "angle": {
                    "acceleration": 0,
                    "center": {
                        "x": 0,
                        "y": 0
                    },
                    "type": "none",
                    "velocity": 0
                },
                "vector": {
                    "acceleration": {
                        "x": 0,
                        "y": 0
                    },
                    "type": "none",
                    "velocity": {
                        "x": 0,
                        "y": 0
                    }
                }
            },
            "score": 0,
            "version": "1.0.0",
            "placeHolderLabel": "Kart placeholder",
            "placeHolderLabelColor": "#f00"
        },
        "points": [
            {
                "x": 25,
                "y": 0
            },
            {
                "x": -25,
                "y": 8.333333333333334
            },
            {
                "x": -25,
                "y": -8.333333333333334
            }
        ]
    }
    ]
}